Record Id,account_id,Account Name
zcrm_5436421000135194793,5436421000001290114,Pass Christian High School
zcrm_5436421000135194338,5436421000034189145,Ocean Springs Middle School
zcrm_5436421000135194337,5436421000034189176,Ocean Springs High School
zcrm_5436421000135077959,5436421000034189248,East Central High School
zcrm_5436421000135194735,5436421000034189313,East Central Middle School
zcrm_5436421000135077960,5436421000034189388,Vancleave Middle School
zcrm_5436421000135077770,5436421000034189423,St Martin High School
zcrm_5436421000135077348,5436421000034189458,St Martin Middle School
zcrm_5436421000135194319,5436421000034189600,Moss Point High School
zcrm_5436421000135077326,5436421000034189660,Gautier High School
zcrm_5436421000135077354,5436421000034189752,Pascagoula High School
zcrm_5436421000135077345,5436421000034189787,Gautier Middle School
zcrm_5436421000135077452,5436421000034189822,Colmer Middle School
zcrm_5436421000135077961,5436421000034189348,Vancleave High School
zcrm_5436421000135194350,5436421000056366805,Perry Central Middle School
zcrm_5436421000135077407,5436421000056366806,Crestwood Elementary School
zcrm_5436421000135194783,5436421000056378491,Tunica Elementary School
zcrm_5436421000135194302,5436421000056378494,East Marion High School
zcrm_5436421000135077929,5436421000056378495,Grenada Elementary School
zcrm_5436421000135077212,5436421000056378976,Dexter Elementary School
zcrm_5436421000135077306,5436421000056378977,David Williams Junior Career &Tech Cnt School
zcrm_5436421000135194353,5436421000056378492,Philadelphia Elementary School
zcrm_5436421000135077379,5436421000056378493,Smithville High School
zcrm_5436421000135077251,5436421000056378494,East Marion High School
zcrm_5436421000135077318,5436421000056378495,Grenada Elementary School
zcrm_5436421000135194305,5436421000056378978,West Marion High School
zcrm_5436421000135194352,5436421000056586896,Perry Central High School
zcrm_5436421000135194315,5436421000056586897,Magnolia Middle School
zcrm_5436421000135194731,5436421000056586898,Greenville High School
zcrm_5436421000135077328,5436421000056587894,Northwest Junior High School
zcrm_5436421000135077351,5436421000056588483,Ross Collins Voc Center
zcrm_5436421000135194730,5436421000056588484,Armstrong Elementary School
zcrm_5436421000135194460,5436421000056588485,Amory Career Technical Center
zcrm_5436421000135077270,5436421000056589007,Runnelstown Elementary School
zcrm_5436421000135077722,5436421000056589008,Poplar Springs Elementary School
zcrm_5436421000135194790,5436421000056589009,Akin Elementary School
zcrm_5436421000135194316,5436421000056589494,Meridian High School
zcrm_5436421000135077924,5436421000056589495,Greenville Technical Center
zcrm_5436421000135077421,5436421000056589943,Quitman Co Vocational Complex
zcrm_5436421000135077396,5436421000056589944,Parkview Elementary School
zcrm_5436421000135077923,5436421000056589945,Boyd Elementary School
zcrm_5436421000135077753,5436421000056590369,Quitman County Middle School
zcrm_5436421000135077814,5436421000056590372,Amory Middle School
zcrm_5436421000135077728,5436421000056590517,Quitman County Elementary School
zcrm_5436421000135077926,5436421000056590519,Trigg Elementary School
zcrm_5436421000135077813,5436421000056590520,Amory High School
zcrm_5436421000135077264,5436421000056590891,M. S. Palmer High School
zcrm_5436421000135077927,5436421000056590893,Weddington Elementary School
zcrm_5436421000135194349,5436421000056587893,South Perry Elementary School
zcrm_5436421000135077294,5436421000056588484,Armstrong Elementary School
zcrm_5436421000135194388,5436421000056593891,Raleigh High School
zcrm_5436421000135194255,5436421000056593893,Oak Grove Middle School
zcrm_5436421000135077213,5436421000056593894,Lt Taylor Intermediate School
zcrm_5436421000135077812,5436421000056593896,Kossuth Middle School
zcrm_5436421000135077289,5436421000056593897,Winona Voc Complex
zcrm_5436421000135077382,5436421000056593898,Drew Hunter Middle School
zcrm_5436421000135194387,5436421000056594972,Mize Attendance Center
zcrm_5436421000135194274,5436421000056594973,Leake Central Elementary School
zcrm_5436421000135194257,5436421000056594974,Lumberton Elementary School
zcrm_5436421000135077919,5436421000056594975,George County Middle School
zcrm_5436421000135077807,5436421000056594977,Kossuth High School
zcrm_5436421000135194275,5436421000056593892,Leake Central Junior High School
zcrm_5436421000135077906,5436421000056593895,Enterprise High School
zcrm_5436421000135077793,5436421000056594978,Winona Secondary School
zcrm_5436421000135077378,5436421000056593895,Enterprise High School
zcrm_5436421000135077428,5436421000056594976,Enterprise Elementary School
zcrm_5436421000135194389,5436421000056595933,Taylorsville Attendance Center
zcrm_5436421000135194254,5436421000056595935,Purvis High School
zcrm_5436421000135077907,5436421000056595937,Enterprise Middle School
zcrm_5436421000135077806,5436421000056595938,Alcorn Central High School
zcrm_5436421000135077794,5436421000056595939,Winona Elementary School
zcrm_5436421000135077784,5436421000056595940,Indianola Career & Technical Center
zcrm_5436421000135077412,5436421000056596505,Oak Grove Elementary School
zcrm_5436421000135194834,5436421000056596506,Central Elementary School
zcrm_5436421000135077809,5436421000056596507,Alcorn Central Elementary School
zcrm_5436421000135077783,5436421000056596508,Gentry High School
zcrm_5436421000135194391,5436421000056596989,Raleigh Elementary School
zcrm_5436421000135077455,5436421000056596991,Purvis Upper Elementary School
zcrm_5436421000135194728,5436421000056596992,Agricola Elementary School
zcrm_5436421000135194459,5436421000056596993,Alcorn Central Middle School
zcrm_5436421000135077780,5436421000056596994,Ruleville Middle School
zcrm_5436421000135194276,5436421000056597443,Leake County Elementary School
zcrm_5436421000135077920,5436421000056597445,Benndale Elementary School
zcrm_5436421000135077810,5436421000056597446,Kossuth Elementary School
zcrm_5436421000135077742,5436421000056597447,Ruleville Central Elementary School
zcrm_5436421000135194253,5436421000056597603,Oak Grove High School
zcrm_5436421000135077918,5436421000056597604,Rocky Creek Elementary School
zcrm_5436421000135077811,5436421000056597605,Biggersville High School
zcrm_5436421000135077400,5436421000056597992,Longleaf Elementary School
zcrm_5436421000135194251,5436421000056598106,Sumrall Elementary School
zcrm_5436421000135077274,5436421000056598107,Alcorn Co Voc Complex
zcrm_5436421000135077785,5436421000056598108,Moorhead Central School
zcrm_5436421000135077350,5436421000056598454,Thomas E. Edwards Senior High School
zcrm_5436421000135194256,5436421000056598528,Lumberton High School
zcrm_5436421000135194743,5436421000056598596,Baxterville School
zcrm_5436421000135077233,5436421000056598977,Lamar Co Voc Technical Center
zcrm_5436421000135077752,5436421000056599025,Sumrall High School
zcrm_5436421000135077239,5436421000056595933,Taylorsville Attendance Center
zcrm_5436421000135194779,5436421000056596503,Smith County Career Center
zcrm_5436421000135194272,5436421000056596504,Leake Co Career & Technical Center
zcrm_5436421000135194819,5436421000056596506,Central Elementary School
zcrm_5436421000135077343,5436421000056596992,Agricola Elementary School
zcrm_5436421000135077917,5436421000056596506,Central Elementary School
zcrm_5436421000135194273,5436421000056596990,Leake Central High School
zcrm_5436421000135194426,5436421000056602115,Ingomar Attendance Center
zcrm_5436421000135077747,5436421000056602116,Pearl River Central Junior High School
zcrm_5436421000135194322,5436421000056602117,Neshoba Central Elementary School
zcrm_5436421000135077456,5436421000056602118,West Hancock Elementary School
zcrm_5436421000135077879,5436421000056602119,Oak Grove Central Elementary School
zcrm_5436421000135077844,5436421000056602120,Marshall Elementary School
zcrm_5436421000135077833,5436421000056602121,Booneville High School
zcrm_5436421000135194428,5436421000056603208,West Union Attendance Center
zcrm_5436421000135194765,5436421000056603209,Pearl River Central High School
zcrm_5436421000135194324,5436421000056603210,Neshoba Central Middle School
zcrm_5436421000135077334,5436421000056603211,Hancock North Central Elementary School
zcrm_5436421000135077875,5436421000056603212,Hernando Middle School
zcrm_5436421000135077215,5436421000056603213,J Z George High School
zcrm_5436421000135077230,5436421000056603208,West Union Attendance Center
zcrm_5436421000135077269,5436421000056603209,Pearl River Central High School
zcrm_5436421000135077834,5436421000056603214,Anderson Elementary School
zcrm_5436421000135194425,5436421000056604182,East Union Attendance Center
zcrm_5436421000135194323,5436421000056604184,Neshoba Central High School
zcrm_5436421000135077935,5436421000056604185,Hancock Middle School
zcrm_5436421000135077897,5436421000056604186,Overpark Elementary School
zcrm_5436421000135194427,5436421000056605020,Myrtle Attendance Center
zcrm_5436421000135077933,5436421000056605021,East Hancock Elementary School
zcrm_5436421000135077932,5436421000056605518,South Hancock Elementary School
zcrm_5436421000135194789,5436421000056605519,Southaven Middle School
zcrm_5436421000135194723,5436421000056605729,Southaven Intermediate School
zcrm_5436421000135077766,5436421000056606155,Hancock County Career Technical Cen
zcrm_5436421000135077295,5436421000056606549,Okolona Voc Complex
zcrm_5436421000135194760,5436421000056607109,Okolona Elementary School
zcrm_5436421000135077899,5436421000056607110,Lewisburg High School
zcrm_5436421000135077878,5436421000056607180,Hernando High School
zcrm_5436421000135077898,5436421000056607554,Lake Cormorant Middle School
zcrm_5436421000135077901,5436421000056607604,Lake Cormorant High School
zcrm_5436421000135077891,5436421000056607650,Olive Branch Intermediate School
zcrm_5436421000135077446,5436421000056607733,Lewisburg Intermediate
zcrm_5436421000135077772,5436421000056607770,Desoto Co Career Center East
zcrm_5436421000135077885,5436421000056605022,Olive Branch Middle School
zcrm_5436421000135077934,5436421000056605728,Hancock High School
zcrm_5436421000135077882,5436421000056606550,Horn Lake Middle School
zcrm_5436421000135194761,5436421000056606760,Okolona High School
zcrm_5436421000135077895,5436421000056606761,Pleasant Hill Elementary School
zcrm_5436421000135077881,5436421000056607242,Horn Lake High School
zcrm_5436421000135077884,5436421000056607693,Olive Branch High School
zcrm_5436421000135194724,5436421000056608062,Center Hill Middle School
zcrm_5436421000135077900,5436421000056608097,Center Hill High School
zcrm_5436421000135077886,5436421000056608160,Southaven Elementary School
zcrm_5436421000135077892,5436421000056608190,Desoto Central Middle School
zcrm_5436421000135194809,5436421000056608265,Lewisburg Middle School
zcrm_5436421000135077724,5436421000056608288,Lake Cormorant Elementary School
zcrm_5436421000135077887,5436421000056608568,Southaven High School
zcrm_5436421000135077903,5436421000056608588,Desoto Central High School
zcrm_5436421000135077937,5436421000056611144,North Gulfport Elementary And Middl School
zcrm_5436421000135077845,5436421000056611145,Choctaw County High School
zcrm_5436421000135077822,5436421000056611146,Ashland Middle-High School
zcrm_5436421000135194788,5436421000056611147,West Clay Elementary School
zcrm_5436421000135077893,5436421000056608130,Center Hill Elementary School
zcrm_5436421000135077727,5436421000056608216,Desoto Central Elementary School
zcrm_5436421000135077889,5436421000056608240,Walls Elementary School
zcrm_5436421000135077225,5436421000056611145,Choctaw County High School
zcrm_5436421000135077247,5436421000056611147,West Clay Elementary School
zcrm_5436421000135077393,5436421000056612226,West Harrison High School
zcrm_5436421000135077327,5436421000056612228,Hickory Flat Attendance Center
zcrm_5436421000135077434,5436421000056613215,Woolmarket Elementary School
zcrm_5436421000135077775,5436421000056613216,William J Berry Elementary School
zcrm_5436421000135077846,5436421000056613217,Choctaw Co Vocational Complex
zcrm_5436421000135077821,5436421000056613218,Ashland Elementary School
zcrm_5436421000135194815,5436421000056613219,South Side Elementary School
zcrm_5436421000135077848,5436421000056613796,Weir Elementary School
zcrm_5436421000135077764,5436421000056613797,Benton Co Regional Vocational Cen
zcrm_5436421000135077788,5436421000056613798,Fifth Street School
zcrm_5436421000135194429,5436421000056614289,Union High School
zcrm_5436421000135077714,5436421000056614290,West Wortham Elementary And Middle School
zcrm_5436421000135077321,5436421000056614291,Heidelberg Junior High School
zcrm_5436421000135077847,5436421000056614292,French Camp Elementary School
zcrm_5436421000135077786,5436421000056614293,West Point High School
zcrm_5436421000135194430,5436421000056614753,Union Middle School
zcrm_5436421000135077713,5436421000056614754,Orange Grove Elementary School
zcrm_5436421000135077866,5436421000056614755,Crystal Springs Middle School
zcrm_5436421000135077363,5436421000056615173,Lyman Elementary School
zcrm_5436421000135077867,5436421000056615174,Crystal Springs High School
zcrm_5436421000135077252,5436421000056615311,Bel Aire Elementary School
zcrm_5436421000135077868,5436421000056615312,Wesson Attendance Center
zcrm_5436421000135077381,5436421000056615780,Saucier Elementary School
zcrm_5436421000135077411,5436421000056615864,West Harrison Middle School
zcrm_5436421000135077373,5436421000056616199,Lizana Elementary School
zcrm_5436421000135194361,5436421000056616268,Pontotoc High School
zcrm_5436421000135077778,5436421000056612230,Joe Barnes Vocational Center
zcrm_5436421000135077789,5436421000056613219,South Side Elementary School
zcrm_5436421000135077325,5436421000056613796,Weir Elementary School
zcrm_5436421000135194769,5436421000056616198,Pontotoc Middle School
zcrm_5436421000135194431,5436421000056615172,Union Elementary School
zcrm_5436421000135077249,5436421000056616328,D T Cox Elementary School
zcrm_5436421000135077754,5436421000056616384,North Woolmarket Elementary And Mid School
zcrm_5436421000135077771,5436421000056616694,Diberville Middle School
zcrm_5436421000135077414,5436421000056616740,Pineville Elementary School
zcrm_5436421000135077451,5436421000056616783,Three Rivers Elementary School
zcrm_5436421000135077433,5436421000056616821,River Oaks Elementary School
zcrm_5436421000135077424,5436421000056616854,Harrison Central High School
zcrm_5436421000135194438,5436421000056618833,Waynesboro Riverview Ele School
zcrm_5436421000135194406,5436421000056618834,Strayhorn Elementary School
zcrm_5436421000135194245,5436421000056618837,Kemper County Middle School
zcrm_5436421000135077851,5436421000056618838,Clinton High School
zcrm_5436421000135194462,5436421000056618839,Bay Waveland Middle School
zcrm_5436421000135194333,5436421000056619890,North Panola Middle School
zcrm_5436421000135194457,5436421000056619894,Career And Technical Center
zcrm_5436421000135077255,5436421000056618837,Kemper County Middle School
zcrm_5436421000135194437,5436421000056619888,Wayne County High School
zcrm_5436421000135194394,5436421000056619889,Batesville Middle School
zcrm_5436421000135194717,5436421000056619892,Sumner Hill Junior Hi School
zcrm_5436421000135077228,5436421000056618837,Kemper County Middle School
zcrm_5436421000135077322,5436421000056619889,Batesville Middle School
zcrm_5436421000135077258,5436421000056620867,Beat Four Elementary School
zcrm_5436421000135077413,5436421000056620868,East Tate Elementary School
zcrm_5436421000135194393,5436421000056620869,Batesville Junior High School
zcrm_5436421000135077819,5436421000056620873,Bay High School
zcrm_5436421000135077797,5436421000056620874,Amanda Elzy Junior High School
zcrm_5436421000135194408,5436421000056621454,Coldwater Elementary School
zcrm_5436421000135077454,5436421000056621456,Green Hill Intermediate
zcrm_5436421000135194244,5436421000056621457,Kemper County High School
zcrm_5436421000135077854,5436421000056621458,Eastside Elementary School
zcrm_5436421000135077263,5436421000056621959,Buckatunna Elementary School
zcrm_5436421000135194407,5436421000056621960,Strayhorn High School
zcrm_5436421000135194277,5436421000056621961,Guntown Middle School
zcrm_5436421000135077297,5436421000056621962,Clinton Voc Complex
zcrm_5436421000135077330,5436421000056622411,Wayne Co Career & Technical
zcrm_5436421000135194746,5436421000056622412,Saltillo Elementary School
zcrm_5436421000135077852,5436421000056622413,Clinton Junior Hi School
zcrm_5436421000135077795,5436421000056622414,Bankston Elementary School
zcrm_5436421000135194436,5436421000056622827,Wayne Central Elementary School
zcrm_5436421000135194281,5436421000056622829,Verona Elementary School
zcrm_5436421000135194286,5436421000056622958,Mooreville Middle School
zcrm_5436421000135077796,5436421000056622959,Amanda Elzy High School
zcrm_5436421000135194278,5436421000056623415,Plantersville Middle School
zcrm_5436421000135077436,5436421000056623509,Greenwood High School
zcrm_5436421000135194280,5436421000056623841,Shannon High School
zcrm_5436421000135194283,5436421000056623909,Shannon Elementary School
zcrm_5436421000135194288,5436421000056623971,Lee County Career & Technical School
zcrm_5436421000135194745,5436421000056624284,Mooreville High School
zcrm_5436421000135194287,5436421000056624339,Shannon Middle School
zcrm_5436421000135077282,5436421000056620869,Batesville Junior High School
zcrm_5436421000135077857,5436421000056620872,Lovett Elementary School
zcrm_5436421000135194780,5436421000056621455,South Panola High School
zcrm_5436421000135077271,5436421000056621458,Eastside Elementary School
zcrm_5436421000135077798,5436421000056621963,East Elementary School
zcrm_5436421000135194405,5436421000056622957,Independence High School
zcrm_5436421000135194282,5436421000056623322,Mooreville Elementary School
zcrm_5436421000135077799,5436421000056623416,Greenwood Middle School
zcrm_5436421000135194279,5436421000056623508,Saltillo High School
zcrm_5436421000135077324,5436421000056620870,North Panola Voc Comp
zcrm_5436421000135077316,5436421000056621963,East Elementary School
zcrm_5436421000135077299,5436421000056623322,Mooreville Elementary School
zcrm_5436421000135194449,5436421000056626969,Riverside High School
zcrm_5436421000135194368,5436421000056626970,Quitman High School
zcrm_5436421000135194720,5436421000056626974,Sale Elementary School
zcrm_5436421000135077336,5436421000056626975,Amite County Voc Complex
zcrm_5436421000135077763,5436421000056628061,Clarke Co Career & Technology Center
zcrm_5436421000135194753,5436421000056628062,Higgins Middle School
zcrm_5436421000135077419,5436421000056628063,Noxapater Attendance Center
zcrm_5436421000135077768,5436421000056628064,Mc Lain Elementary School
zcrm_5436421000135077863,5436421000056628065,Stokes Beard Elementary School
zcrm_5436421000135077248,5436421000056626969,Riverside High School
zcrm_5436421000135194754,5436421000056626971,Mccomb High School
zcrm_5436421000135077338,5436421000056626972,Eiland Middle School
zcrm_5436421000135077261,5436421000056628064,Mc Lain Elementary School
zcrm_5436421000135194367,5436421000056629025,Quitman Upper Elementary School
zcrm_5436421000135194312,5436421000056629026,Business & Technology Complex
zcrm_5436421000135077406,5436421000056629027,Winston Louisville Voc Center
zcrm_5436421000135077864,5436421000056629029,Franklin Academy
zcrm_5436421000135194448,5436421000056629856,OBannon High School
zcrm_5436421000135194366,5436421000056629857,Quitman Junior High School
zcrm_5436421000135194313,5436421000056629858,Denman Junior High School
zcrm_5436421000135077438,5436421000056629860,Leakesville Elementary School
zcrm_5436421000135077453,5436421000056629862,Amite County Elementary School
zcrm_5436421000135194446,5436421000056630086,OBannon Elementary School
zcrm_5436421000135194755,5436421000056630087,Summit Elementary School
zcrm_5436421000135077355,5436421000056630088,Louisville High School
zcrm_5436421000135077922,5436421000056630089,Greene County Vocational Technical
zcrm_5436421000135194719,5436421000056630090,Columbus High School
zcrm_5436421000135194447,5436421000056630542,Riverside Elementary School
zcrm_5436421000135077426,5436421000056630543,Louisville Elementary School
zcrm_5436421000135077921,5436421000056630544,Greene County High School
zcrm_5436421000135194811,5436421000056630545,Cook Elementary School
zcrm_5436421000135077375,5436421000056630951,Fairview Elementary School
zcrm_5436421000135077865,5436421000056631076,Columbus Middle School
zcrm_5436421000135194293,5436421000056629859,Nanih Waiya Attendance Center
zcrm_5436421000135077955,5436421000056635063,Itawamba Attendance Center
zcrm_5436421000135077909,5436421000056635065,Hawkins Middle School
zcrm_5436421000135194768,5436421000056636136,South Pontotoc Middle School
zcrm_5436421000135194260,5436421000056636137,West Lauderdale Elementary School
zcrm_5436421000135077956,5436421000056636138,Itawamba Career & Technical Center
zcrm_5436421000135077944,5436421000056636139,Terry High School
zcrm_5436421000135077366,5436421000056636140,Forest Elementary School
zcrm_5436421000135077253,5436421000056637120,Northeast Lauderdale Elementary School
zcrm_5436421000135077953,5436421000056637121,Dorsey Attendance Center
zcrm_5436421000135077942,5436421000056637122,Byram Middle School
zcrm_5436421000135077908,5436421000056637123,Forest High School
zcrm_5436421000135194775,5436421000056637696,Senatobia Middle School
zcrm_5436421000135194359,5436421000056637697,South Pontotoc Elementary School
zcrm_5436421000135194263,5436421000056637698,Clarkdale Elementary School
zcrm_5436421000135194379,5436421000056638191,Senatobia Elementary School
zcrm_5436421000135077954,5436421000056638194,Fairview Attendance Center
zcrm_5436421000135077449,5436421000056638195,Bolton-Edwards Elementary/Middle School
zcrm_5436421000135077238,5436421000056638640,Senatobia High School
zcrm_5436421000135194358,5436421000056638641,North Pontotoc Middle School
zcrm_5436421000135194259,5436421000056638642,West Lauderdale Middle School
zcrm_5436421000135077943,5436421000056638644,Raymond High School
zcrm_5436421000135194357,5436421000056639193,North Pontotoc Elementary School
zcrm_5436421000135194258,5436421000056639194,Southeast Lauderdale High School
zcrm_5436421000135077256,5436421000056639554,Northeast Lauderdale Middle School
zcrm_5436421000135194262,5436421000056639648,Clarkdale High School
zcrm_5436421000135194261,5436421000056639993,West Lauderdale High School
zcrm_5436421000135077759,5436421000056637119,South Pontotoc High School
zcrm_5436421000135077257,5436421000056637700,Utica Elementary / Middle School
zcrm_5436421000135194356,5436421000056639063,North Pontotoc High School
zcrm_5436421000135194825,5436421000056639067,West Elementary School
zcrm_5436421000135077359,5436421000056639193,North Pontotoc Elementary School
zcrm_5436421000135077360,5436421000056639194,Southeast Lauderdale High School
zcrm_5436421000135077957,5436421000056639065,Tremont Attendance Center
zcrm_5436421000135077298,5436421000056639194,Southeast Lauderdale High School
zcrm_5436421000135077275,5436421000056639194,Southeast Lauderdale High School
zcrm_5436421000135194435,5436421000056645368,Davidson Elementary School
zcrm_5436421000135194377,5436421000056645369,Morton High School
zcrm_5436421000135194328,5436421000056645371,Newton County High School
zcrm_5436421000135077437,5436421000056645373,Bayou View Elementary School
zcrm_5436421000135077254,5436421000056645374,Reuben B. Myers Canton School Of Ar
zcrm_5436421000135194787,5436421000056646444,Yazoo County High School
zcrm_5436421000135194402,5436421000056646447,Stone High School
zcrm_5436421000135194773,5436421000056646448,Bettye Mae Jack Middle School
zcrm_5436421000135194355,5436421000056646449,Pmhs Career & Technology Center
zcrm_5436421000135077301,5436421000056646450,Long Beach Senior High School
zcrm_5436421000135077830,5436421000056646454,Parks Elementary School
zcrm_5436421000135194451,5436421000056647414,Bentonia Gibbs School
zcrm_5436421000135194782,5436421000056647415,Stone Elementary School
zcrm_5436421000135194374,5436421000056647416,Scott Central Attendance Center
zcrm_5436421000135077216,5436421000056647417,Nicholson Elementary School
zcrm_5436421000135194734,5436421000056647419,O M Mc Nair Middle School
zcrm_5436421000135077309,5436421000056647421,Canton Public 9Th Grade School
zcrm_5436421000135077427,5436421000056647422,D.M. Smith Elementary School
zcrm_5436421000135194401,5436421000056647989,Perkinston Elementary School
zcrm_5436421000135194378,5436421000056647990,Lake Elementary School
zcrm_5436421000135194329,5436421000056647992,Newton County Elementary School
zcrm_5436421000135077320,5436421000056647993,Harper Mc Caughan Elementary School
zcrm_5436421000135077267,5436421000056647994,Humphreys Co Voc Center
zcrm_5436421000135077380,5436421000056647996,Huey L. Porter Middle School
zcrm_5436421000135077952,5436421000056646451,Humphreys County High School
zcrm_5436421000135077841,5436421000056646453,Nichols Middle School
zcrm_5436421000135077335,5436421000056646454,Parks Elementary School
zcrm_5436421000135077218,5436421000056647416,Scott Central Attendance Center
zcrm_5436421000135194292,5436421000056647418,Long Beach Middle School
zcrm_5436421000135077720,5436421000056647990,Lake Elementary School
zcrm_5436421000135077930,5436421000056647995,Gulfport High School
zcrm_5436421000135194452,5436421000056647988,Yazoo County Middle School
zcrm_5436421000135077281,5436421000056647990,Lake Elementary School
zcrm_5436421000135194403,5436421000056648487,Stone Middle School
zcrm_5436421000135077718,5436421000056648489,Roseland Park Elementary School
zcrm_5436421000135077284,5436421000056648490,Ida Greene Lower Elementary School
zcrm_5436421000135077712,5436421000056648491,Gulfport Central Middle School
zcrm_5436421000135077843,5436421000056648492,Canton Career Center
zcrm_5436421000135077832,5436421000056648493,Cleveland Central High School
zcrm_5436421000135194766,5436421000056648932,Picayune Memorial High School
zcrm_5436421000135077342,5436421000056648933,Newton County Voc Complex
zcrm_5436421000135077417,5436421000056648934,Pass Road Elementary School
zcrm_5436421000135077405,5436421000056648936,Pearman Elementary School
zcrm_5436421000135077244,5436421000056649081,Forest Scott Co Voc Technical Center
zcrm_5436421000135194767,5436421000056649082,Picayune Junior High School
zcrm_5436421000135194376,5436421000056649462,Lake Middle School
zcrm_5436421000135194321,5436421000056649463,Natchez High School
zcrm_5436421000135077371,5436421000056649464,Bayou View Middle School
zcrm_5436421000135077311,5436421000056649465,Mc Neal Elementary School
zcrm_5436421000135194774,5436421000056649574,Lake High School
zcrm_5436421000135077234,5436421000056649575,Mc Laurin Elementary School
zcrm_5436421000135194715,5436421000056649577,Canton Elementary School
zcrm_5436421000135077243,5436421000056649930,Anniston Avenue Elementary School
zcrm_5436421000135077293,5436421000056650013,Natchez Early College Co-Lin
zcrm_5436421000135194320,5436421000056650090,Career And Technology Center
zcrm_5436421000135194241,5436421000056650466,South Jones High School
zcrm_5436421000135194742,5436421000056650517,South Jones Elementary School
zcrm_5436421000135194240,5436421000056650568,Northeast Jones High School
zcrm_5436421000135194741,5436421000056650918,West Jones High School
zcrm_5436421000135194242,5436421000056650957,West Jones Elementary School
zcrm_5436421000135194740,5436421000056650989,Moselle Elementary School
zcrm_5436421000135194375,5436421000056648931,Sebastopol Attendance Center
zcrm_5436421000135077715,5436421000056648935,Jimmie M. Goodloe Elementary School
zcrm_5436421000135077235,5436421000056649463,Natchez High School
zcrm_5436421000135077266,5436421000056649465,Mc Neal Elementary School
zcrm_5436421000135077831,5436421000056649466,Cleveland Central Middle School
zcrm_5436421000135077317,5436421000056650568,Northeast Jones High School
zcrm_5436421000135194243,5436421000056650617,North Jones Elementary School
zcrm_5436421000135194373,5436421000056648488,Morton Elementary School
zcrm_5436421000135077758,5436421000056650957,West Jones Elementary School
zcrm_5436421000135077246,5436421000056651021,Jones Co Career & Technical Ed Center
zcrm_5436421000135194786,5436421000056653143,Yazoo City High School
zcrm_5436421000135194445,5436421000056653144,Bay Springs Middle School
zcrm_5436421000135194443,5436421000056654164,Bay Springs High School
zcrm_5436421000135194397,5436421000056654165,Pine Grove High School
zcrm_5436421000135077319,5436421000056655092,Yazoo City Voc Complex
zcrm_5436421000135194444,5436421000056655093,Stringer Attendance Center
zcrm_5436421000135077300,5436421000056655094,North South Tippah Voc Technical Center
zcrm_5436421000135194756,5436421000056655095,New Albany Middle School
zcrm_5436421000135077290,5436421000056655639,Mccoy Elementary School
zcrm_5436421000135194396,5436421000056655641,Blue Mountain High School
zcrm_5436421000135194326,5436421000056655642,New Albany High School
zcrm_5436421000135077915,5436421000056655643,Franklin Career & Technical Center
zcrm_5436421000135077916,5436421000056656112,Franklin County Middle School
zcrm_5436421000135194400,5436421000056653145,Ripley Middle School
zcrm_5436421000135194327,5436421000056654166,New Albany Elementary School
zcrm_5436421000135194399,5436421000056656111,Ripley High School
zcrm_5436421000135077858,5436421000056656113,Coffeeville High School
zcrm_5436421000135194398,5436421000056656562,Ripley Elementary School
zcrm_5436421000135077914,5436421000056656720,Franklin High School
zcrm_5436421000135077859,5436421000056658051,Coffeeville Elementary School
zcrm_5436421000135077776,5436421000056660202,South Pike Career & Technical Cente
zcrm_5436421000135077946,5436421000056660204,Simmons High School
zcrm_5436421000135077265,5436421000056660206,Lipsey School
zcrm_5436421000135077803,5436421000056660207,Houlka Attendance Center
zcrm_5436421000135077292,5436421000056656720,Franklin High School
zcrm_5436421000135194440,5436421000056661281,Eupora Elementary School
zcrm_5436421000135194246,5436421000056661284,Kosciusko Senior High School
zcrm_5436421000135077945,5436421000056661285,Sanders Elementary School
zcrm_5436421000135077459,5436421000056661286,Friars Point Elementary School
zcrm_5436421000135077432,5436421000056661287,Alexander Junior High School
zcrm_5436421000135194441,5436421000056662256,East Webster Elementary School
zcrm_5436421000135077418,5436421000056662261,Jonestown Elementary School
zcrm_5436421000135077837,5436421000056662262,Brookhaven Technical Center
zcrm_5436421000135194458,5436421000056662263,Houston Middle School
zcrm_5436421000135077751,5436421000056663118,Webster Co Career & Technol Center
zcrm_5436421000135077777,5436421000056663120,North Pike Career & Technical Cente
zcrm_5436421000135077357,5436421000056663121,Lyon Elementary School
zcrm_5436421000135077836,5436421000056663122,Brookhaven High School
zcrm_5436421000135077719,5436421000056663123,Houston Upper Elementary School
zcrm_5436421000135194395,5436421000056663628,Osyka Elementary School
zcrm_5436421000135194334,5436421000056663629,North Pike Elementary School
zcrm_5436421000135077835,5436421000056663630,Brookhaven Elementary School
zcrm_5436421000135077802,5436421000056663631,Houston High School
zcrm_5436421000135077308,5436421000056663832,North Pike Junior High School
zcrm_5436421000135194442,5436421000056664247,Eupora High School
zcrm_5436421000135194439,5436421000056664633,East Webster High School
zcrm_5436421000135077332,5436421000056661282,Eva Gordon Upper Elementary School
zcrm_5436421000135194335,5436421000056661283,North Pike Upper Elementary School
zcrm_5436421000135077344,5436421000056661284,Kosciusko Senior High School
zcrm_5436421000135077441,5436421000056663119,South Pike Junior High School
zcrm_5436421000135077302,5436421000056663629,North Pike Elementary School
zcrm_5436421000135077307,5436421000056663119,South Pike Junior High School
zcrm_5436421000135194271,5436421000056667834,Lawrence County High School
zcrm_5436421000135194721,5436421000056667836,Corinth Middle School
zcrm_5436421000135077352,5436421000056667837,William Dean Junior Elementary School
zcrm_5436421000135194385,5436421000056667833,Magee Middle School
zcrm_5436421000135194776,5436421000056669192,Magee High School
zcrm_5436421000135077303,5436421000056669195,Jdc High School
zcrm_5436421000135077869,5436421000056669196,Corinth High School
zcrm_5436421000135077779,5436421000056669198,Northside High School
zcrm_5436421000135194777,5436421000056670180,Magee Elementary School
zcrm_5436421000135194336,5436421000056670181,Walnut Attendance Center
zcrm_5436421000135077260,5436421000056670183,Jeff Davis Co Voc Technical Center
zcrm_5436421000135077948,5436421000056670184,Holly Springs High School
zcrm_5436421000135077870,5436421000056670185,Corinth Elementary School
zcrm_5436421000135077423,5436421000056670764,Chalybeate Elementary School
zcrm_5436421000135194733,5436421000056670767,Holly Springs Career & Technical Center
zcrm_5436421000135194455,5436421000056670768,Holmes County Central High School
zcrm_5436421000135077762,5436421000056670769,I T Montgomery Elementary School
zcrm_5436421000135194778,5436421000056671275,Mendenhall Junior High School
zcrm_5436421000135077792,5436421000056671278,Holmes Co Career Technical Center
zcrm_5436421000135194744,5436421000056671741,Lawrence Co Technical & Career Center
zcrm_5436421000135077951,5436421000056671910,Holly Springs Junior High School
zcrm_5436421000135194830,5436421000056672307,Simpson Central School
zcrm_5436421000135077949,5436421000056672308,Holly Springs Intermediate School
zcrm_5436421000135077222,5436421000056672309,S V Marshall Elementary School
zcrm_5436421000135077347,5436421000056669197,Williams-Sullivan Middle School
zcrm_5436421000135194270,5436421000056670182,Rod Paige Middle School
zcrm_5436421000135194386,5436421000056671740,Mendenhall High School
zcrm_5436421000135194383,5436421000056671909,Mendenhall Elementary School
zcrm_5436421000135077791,5436421000056670186,Durant Elementary School
zcrm_5436421000135077286,5436421000056670763,Simpson Co Technical Center
zcrm_5436421000135194371,5436421000056675987,Richton High School
zcrm_5436421000135077765,5436421000056675988,Poplarville Career Development Center
zcrm_5436421000135077367,5436421000056675990,N R Burger Middle School
zcrm_5436421000135194372,5436421000056677331,Richton Elementary School
zcrm_5436421000135077740,5436421000056677332,Poplarville Upper Elementary School
zcrm_5436421000135077773,5436421000056677335,Popps Ferry Elementary School
zcrm_5436421000135077815,5436421000056677336,Ethel Attendance Center
zcrm_5436421000135077250,5436421000056678330,Poplarville Junior Senior High School
zcrm_5436421000135194290,5436421000056678331,Bogue Chitto School
zcrm_5436421000135077731,5436421000056678332,Grace Christian Elementary School
zcrm_5436421000135077828,5436421000056678333,Biloxi Upper Elementary School
zcrm_5436421000135077756,5436421000056678334,Kosciusko Attala Career Technical C
zcrm_5436421000135194362,5436421000056678928,Middle School Of Poplarville
zcrm_5436421000135194291,5436421000056678929,West Lincoln School
zcrm_5436421000135077384,5436421000056678930,Woodley Elementary School
zcrm_5436421000135077386,5436421000056679439,Hawkins Elementary School
zcrm_5436421000135194803,5436421000056679440,North Bay Elementary School
zcrm_5436421000135194461,5436421000056679441,Greenlee Attendance Center
zcrm_5436421000135077940,5436421000056679909,Hattiesburg Steam Academy
zcrm_5436421000135077823,5436421000056679910,Biloxi High School
zcrm_5436421000135077816,5436421000056679911,Long Creek Attendance Center
zcrm_5436421000135077750,5436421000056680327,Oxf/Laf School Of Applied Technical
zcrm_5436421000135194249,5436421000056680467,Lafayette Middle School
zcrm_5436421000135077374,5436421000056680468,Thames Elementary School
zcrm_5436421000135077824,5436421000056680469,Back Bay Elementary School
zcrm_5436421000135194826,5436421000056680847,Biloxi Junior High School
zcrm_5436421000135077938,5436421000056677334,Hattiesburg High School
zcrm_5436421000135077226,5436421000056677336,Ethel Attendance Center
zcrm_5436421000135077826,5436421000056679440,North Bay Elementary School
zcrm_5436421000135077825,5436421000056680329,Gorenflo Elementary School
zcrm_5436421000135194419,5436421000056684471,Tupelo High School
zcrm_5436421000135077410,5436421000056684473,Earl Nash Elementary School
zcrm_5436421000135077259,5436421000056684475,Carl Keen Voc
zcrm_5436421000135194421,5436421000056685523,Lawndale Elementary School
zcrm_5436421000135077447,5436421000056685524,Petal Upper Elementary School
zcrm_5436421000135077399,5436421000056685525,Noxubee County High School
zcrm_5436421000135194752,5436421000056685526,Byhalia Middle School
zcrm_5436421000135077941,5436421000056685527,Hazlehurst High School
zcrm_5436421000135077229,5436421000056685528,Kirkpatrick Health /Wellness
zcrm_5436421000135077391,5436421000056685529,Baldwyn Elementary School
zcrm_5436421000135194248,5436421000056681981,Lafayette High School
zcrm_5436421000135194348,5436421000056684472,Petal Middle School
zcrm_5436421000135077817,5436421000056684476,Baldwyn High School
zcrm_5436421000135077211,5436421000056685525,Noxubee County High School
zcrm_5436421000135194250,5436421000056681938,Lafayette Upper Elementary School
zcrm_5436421000135194784,5436421000056686492,Lawhon Elementary School
zcrm_5436421000135194764,5436421000056686494,Petal High School
zcrm_5436421000135077818,5436421000056686499,Baldwyn Career Advancement Center
zcrm_5436421000135194414,5436421000056687076,Tupelo Middle School
zcrm_5436421000135077287,5436421000056687077,Prentiss Co Voc Complex
zcrm_5436421000135194307,5436421000056687080,Mary Reid School
zcrm_5436421000135194420,5436421000056687564,Tupelo Lee Co Voc Technical School
zcrm_5436421000135194364,5436421000056687565,Marietta Elementary School
zcrm_5436421000135194417,5436421000056688007,Rankin Elementary School
zcrm_5436421000135194310,5436421000056688008,Marshall Co Cte Center
zcrm_5436421000135194416,5436421000056688162,Pierce Street Elementary School
zcrm_5436421000135194751,5436421000056688164,Byhalia High School
zcrm_5436421000135194422,5436421000056688545,Milam Elementary School
zcrm_5436421000135194363,5436421000056688546,Hills Chapel School
zcrm_5436421000135194308,5436421000056688547,H. W. Byers High School
zcrm_5436421000135194365,5436421000056688649,New Site High School
zcrm_5436421000135077442,5436421000056688650,H. W. Byers Elementary School
zcrm_5436421000135077850,5436421000056688651,Clarksdale High School
zcrm_5436421000135077746,5436421000056688999,Potts Camp High School
zcrm_5436421000135077323,5436421000056686492,Lawhon Elementary School
zcrm_5436421000135194306,5436421000056687566,Byhalia Elementary School
zcrm_5436421000135077390,5436421000056687079,B F Liddell Middle School
zcrm_5436421000135077310,5436421000056691671,Walthall Co Career And Technical Center
zcrm_5436421000135077304,5436421000056691673,Pearl Junior High School
zcrm_5436421000135077928,5436421000056691675,Grenada Middle School
zcrm_5436421000135194716,5436421000056691677,Port Gibson Middle School
zcrm_5436421000135194432,5436421000056692728,Tylertown High School
zcrm_5436421000135194413,5436421000056692729,Robinsonville Elementary School
zcrm_5436421000135194347,5436421000056692730,Pearl Upper School
zcrm_5436421000135077214,5436421000056692731,Monroe Co Voc Technical
zcrm_5436421000135077273,5436421000056692732,Marion Co Voc Complex
zcrm_5436421000135194732,5436421000056692733,Grenada High School
zcrm_5436421000135077805,5436421000056692736,Aberdeen High School
zcrm_5436421000135194412,5436421000056693683,Tunica Middle School
zcrm_5436421000135194354,5436421000056693684,Philadelphia High School
zcrm_5436421000135194346,5436421000056693685,Pearl High School
zcrm_5436421000135077296,5436421000056693688,Grenada Voc Complex
zcrm_5436421000135077905,5436421000056693689,Charleston Middle School
zcrm_5436421000135077741,5436421000056693690,Claiborne County Voc Complex
zcrm_5436421000135077358,5436421000056691674,Hamilton High School
zcrm_5436421000135077268,5436421000056691675,Grenada Middle School
zcrm_5436421000135077904,5436421000056691676,Charleston High School
zcrm_5436421000135194726,5436421000056692734,Charleston Elementary School
zcrm_5436421000135077849,5436421000056692735,Port Gibson High School
zcrm_5436421000135077333,5436421000056693686,Hatley High School
zcrm_5436421000135077444,5436421000056693687,West Marion Elementary School
zcrm_5436421000135077277,5436421000056693682,Tylertown Elementary School
zcrm_5436421000135077346,5436421000056695411,Rosa Fort High School
zcrm_5436421000135194304,5436421000056695412,East Marion Elementary School
zcrm_5436421000135077761,5436421000056695413,Calhoun Co Career & Technical Center
zcrm_5436421000135077839,5436421000056695819,Calhoun City High School
zcrm_5436421000135077457,5436421000056695952,Calhoun City Elementary School
zcrm_5436421000135077838,5436421000056696428,Bruce High School
zcrm_5436421000135077365,5436421000056696845,Bruce Elementary School
zcrm_5436421000135194380,5436421000056699352,South Delta Middle School
zcrm_5436421000135194341,5436421000056699353,Oxford Middle School
zcrm_5436421000135194297,5436421000056699354,Shirley D. Simmons Middle School
zcrm_5436421000135194265,5436421000056699356,Laurel Magnet School Of The Arts
zcrm_5436421000135077231,5436421000056696428,Bruce High School
zcrm_5436421000135194381,5436421000056700448,South Delta High School
zcrm_5436421000135194343,5436421000056700449,Oxford Intermediate School
zcrm_5436421000135077733,5436421000056700450,Mannsdale Upper Elementary School
zcrm_5436421000135194289,5436421000056700451,Leland High School
zcrm_5436421000135077913,5436421000056700454,Earl Travillion Attendance Center
zcrm_5436421000135194794,5436421000056701434,South Delta Elementary School
zcrm_5436421000135194762,5436421000056701435,Oxford High School
zcrm_5436421000135077732,5436421000056701436,Madison Station Elementary School
zcrm_5436421000135077912,5436421000056701440,South Forrest Attendance Center
zcrm_5436421000135194382,5436421000056702006,South Delta Vocational Complex
zcrm_5436421000135194298,5436421000056702008,Madison Middle School
zcrm_5436421000135077774,5436421000056702009,Edna M Scott Elementary School
zcrm_5436421000135077376,5436421000056702010,Laurel High School Voc Complex
zcrm_5436421000135077911,5436421000056702012,North Forrest High School
zcrm_5436421000135077280,5436421000056702495,Madison Co Voc Complex
zcrm_5436421000135077910,5436421000056702498,Dixie Attendance Center
zcrm_5436421000135194301,5436421000056702948,Germantown High School
zcrm_5436421000135077329,5436421000056703108,Old Town Middle School
zcrm_5436421000135194727,5436421000056703109,Rawls Springs Attendance Center
zcrm_5436421000135194268,5436421000056700452,Laurel Middle School
zcrm_5436421000135194340,5436421000056702007,Central Elementary School
zcrm_5436421000135194795,5436421000056703106,Iuka Middle School
zcrm_5436421000135194410,5436421000056703495,Tishomingo Elementary School
zcrm_5436421000135077748,5436421000056703960,Tishomingo County High School
zcrm_5436421000135194295,5436421000056703961,Velma Jackson High School
zcrm_5436421000135077769,5436421000056704047,Belmont School
zcrm_5436421000135077237,5436421000056704048,Luther Branson School
zcrm_5436421000135194411,5436421000056704120,Iuka Elementary School
zcrm_5436421000135077278,5436421000056704121,Madison Avenue Upper Elementary School
zcrm_5436421000135194409,5436421000056704441,Burnsville Elementary School
zcrm_5436421000135077372,5436421000056704442,Germantown Middle School
zcrm_5436421000135194299,5436421000056704502,Ridgeland High School
zcrm_5436421000135077305,5436421000056704910,Rosa Scott School
zcrm_5436421000135194750,5436421000056704952,Madison Central High School
zcrm_5436421000135077872,5436421000056706931,Collins High School
zcrm_5436421000135194296,5436421000056703604,Highland Elementary School
zcrm_5436421000135077369,5436421000056704558,Camden Elementary School
zcrm_5436421000135077429,5436421000056704607,East Flora Elementary School
zcrm_5436421000135077862,5436421000056706932,Jefferson Middle School
zcrm_5436421000135194718,5436421000056707985,Columbia High School
zcrm_5436421000135077873,5436421000056708680,Hopewell Elementary School
zcrm_5436421000135077860,5436421000056708681,Columbia Elementary School
zcrm_5436421000135077356,5436421000056710221,Seminary Middle School
zcrm_5436421000135077871,5436421000056711132,Collins Elementary School
zcrm_5436421000135077339,5436421000056711226,Seminary High School
zcrm_5436421000135077403,5436421000056711560,Seminary Elementary School
zcrm_5436421000135077370,5436421000060169610,Bovina Elementary School
zcrm_5436421000135077420,5436421000060169611,Beechwood Elementary School
zcrm_5436421000135077425,5436421000060169612,South Park Elementary School
zcrm_5436421000135194434,5436421000060169613,Hinds Community Vicksburg Center
zcrm_5436421000135077737,5436421000060169614,Warren Central Intermediate
zcrm_5436421000135077443,5436421000060169615,Vicksburg Intermediate
zcrm_5436421000135077730,5436421000060169617,Warren Central Junior High School
zcrm_5436421000135077392,5436421000060169619,Redwood Elementary School
zcrm_5436421000135077431,5436421000060169620,Vicksburg Junior High School
zcrm_5436421000135077337,5436421000060169622,Bowmar Avenue School
zcrm_5436421000135077725,5436421000060169624,Highland Bluff Elementary School
zcrm_5436421000135077387,5436421000060169625,Oakdale Elementary School
zcrm_5436421000135077430,5436421000060169626,Northshore Elementary School
zcrm_5436421000135077721,5436421000060169627,Richland Upper Elementary School
zcrm_5436421000135077402,5436421000060169628,Florence Elementary School
zcrm_5436421000135194806,5436421000060169629,Pisgah High School
zcrm_5436421000135077440,5436421000060169630,Pelahatchie Elementary School
zcrm_5436421000135077416,5436421000060169631,Northwest Elementary School
zcrm_5436421000135077340,5436421000060169632,Northwest Rankin High School
zcrm_5436421000135194772,5436421000060169633,Florence High School
zcrm_5436421000135194770,5436421000060169637,Richland High School
zcrm_5436421000135077368,5436421000060169639,Pisgah Elementary School
zcrm_5436421000135194370,5436421000060169642,Florence Middle School
zcrm_5436421000135194369,5436421000060169643,Brandon Middle School
zcrm_5436421000135077389,5436421000060169644,Brandon Elementary School
zcrm_5436421000135077383,5436421000060169645,Flowood Elementary School
zcrm_5436421000135194345,5436421000060169647,Pass Christian Public School District
zcrm_5436421000135194792,5436421000060169648,Delisle Elementary School
zcrm_5436421000135077236,5436421000060169649,Martin Bluff
zcrm_5436421000135077749,5436421000060169650,College & Career Technical Inst.
zcrm_5436421000135077315,5436421000060169651,Singing River Academy
zcrm_5436421000135077291,5436421000060169652,Trent Lott Academy
zcrm_5436421000135077388,5436421000060169655,Gautier Elementary School
zcrm_5436421000135077364,5436421000060169660,Beach Elementary School
zcrm_5436421000135077219,5436421000060169661,Arlington Heights Elementary School
zcrm_5436421000135194331,5436421000060169664,N H Pilate Middle School
zcrm_5436421000135194759,5436421000060169665,Newton Municipal Career Center
zcrm_5436421000135194330,5436421000060169666,Newton Elementary School
zcrm_5436421000135194758,5436421000060169667,Newton High School
zcrm_5436421000135077450,5436421000060169668,Moss Point Career & Technical Educa
zcrm_5436421000135194294,5436421000060169672,New Hope Middle School
zcrm_5436421000135194749,5436421000060169673,New Hope High School
zcrm_5436421000135194747,5436421000060169676,West Lowndes High School
zcrm_5436421000135077409,5436421000060169677,Caledonia Elementary School
zcrm_5436421000135077744,5436421000060169678,Bailey Middle School Apac School
zcrm_5436421000135194813,5436421000060169679,Cardozo Middle School
zcrm_5436421000135194238,5436421000060169680,Kirksey Middle School
zcrm_5436421000135077415,5436421000060169616,Warrenton Elementary School
zcrm_5436421000135077404,5436421000060169618,Warren Central High School
zcrm_5436421000135077385,5436421000060169623,Puckett Elementary School
zcrm_5436421000135077240,5436421000060169630,Pelahatchie Elementary School
zcrm_5436421000135194771,5436421000060169634,Brandon High School
zcrm_5436421000135077395,5436421000060169636,Mclaurin Elementary School
zcrm_5436421000135077394,5436421000060169658,Cherokee Elementary School
zcrm_5436421000135077279,5436421000060169670,Lowndes Co Voc Complex
zcrm_5436421000135077397,5436421000060169675,New Hope Elementary School
zcrm_5436421000135077283,5436421000060169679,Cardozo Middle School
zcrm_5436421000135194748,5436421000060169674,Caledonia Middle School
zcrm_5436421000135194237,5436421000060169682,Mcwillie Elementary School
zcrm_5436421000135077349,5436421000060169685,Barack H Obama Elementary School
zcrm_5436421000135194234,5436421000060169687,Wilkins Elementary School
zcrm_5436421000135194821,5436421000060169689,Pecan Park Elementary School
zcrm_5436421000135194232,5436421000060169690,Walton Elementary School
zcrm_5436421000135194738,5436421000060169693,Spann Elementary School
zcrm_5436421000135194229,5436421000060169696,Provine High School
zcrm_5436421000135194228,5436421000060169698,Powell Middle School
zcrm_5436421000135194227,5436421000060169700,Oak Forest Elementary School
zcrm_5436421000135194226,5436421000060169701,Murrah High School
zcrm_5436421000135194798,5436421000060169707,Lake Elementary School
zcrm_5436421000135194224,5436421000060169708,Key Elementary School
zcrm_5436421000135194812,5436421000060169709,Johnson Elementary School
zcrm_5436421000135194221,5436421000060169711,Isable Elementary School
zcrm_5436421000135194220,5436421000060169712,Jim Hill High School
zcrm_5436421000135194219,5436421000060169713,Green Elementary School
zcrm_5436421000135194218,5436421000060169714,Galloway Elementary School
zcrm_5436421000135194217,5436421000060169715,Forest Hill High School
zcrm_5436421000135194214,5436421000060169721,Callaway High School
zcrm_5436421000135194737,5436421000060169723,Boyd Elementary School
zcrm_5436421000135077958,5436421000060169727,East Central Upper Elementary School
zcrm_5436421000135194736,5436421000060169728,St. Martin Middle School
zcrm_5436421000135077735,5436421000060169729,Vancleave Upper Elementary School
zcrm_5436421000135194791,5436421000060169683,Northwest Middle School
zcrm_5436421000135194236,5436421000060169684,North Jackson Elementary School
zcrm_5436421000135194233,5436421000060169689,Pecan Park Elementary School
zcrm_5436421000135194230,5436421000060169691,Timberlawn Elementary School
zcrm_5436421000135194225,5436421000060169705,Shirley Elementary School
zcrm_5436421000135077313,5436421000060169708,Key Elementary School
zcrm_5436421000135194223,5436421000060169709,Johnson Elementary School
zcrm_5436421000135194222,5436421000060169710,John Hopkins Elementary School
zcrm_5436421000135077377,5436421000060169716,Dawson Elementary School
zcrm_5436421000135194215,5436421000060169720,Career Development Center
zcrm_5436421000135194213,5436421000060169726,Jackson County Vocational Center
zcrm_5436421000135194216,5436421000060169717,Clausell Elementary School
zcrm_5436421000135077760,5436421000063439715,Forrest County Agricultural Hi School
zcrm_5436421000135077232,,St Patrick Elementary School
zcrm_5436421000135077272,,
zcrm_5436421000135077439,,
zcrm_5436421000135077801,,
zcrm_5436421000135077808,,
zcrm_5436421000135077880,,
zcrm_5436421000135077902,,
zcrm_5436421000135194235,,
zcrm_5436421000135194267,,
zcrm_5436421000135194797,,
zcrm_5436421000135194820,,
zcrm_5436421000135077422,,
zcrm_5436421000135077856,,
zcrm_5436421000135194284,,
zcrm_5436421000135194404,,
zcrm_5436421000135194424,,
zcrm_5436421000135077227,,
zcrm_5436421000135077288,,
zcrm_5436421000135077736,,
zcrm_5436421000135077883,,
zcrm_5436421000135194318,,
zcrm_5436421000135194342,,
zcrm_5436421000135194714,,
zcrm_5436421000135194763,,
zcrm_5436421000135077276,,
zcrm_5436421000135194266,,
zcrm_5436421000135194285,,
zcrm_5436421000135194344,,
zcrm_5436421000135194836,,
zcrm_5436421000135077285,,
zcrm_5436421000135077435,,
zcrm_5436421000135077734,,
zcrm_5436421000135077739,,
zcrm_5436421000135077782,,
zcrm_5436421000135077896,,
zcrm_5436421000135077925,,
zcrm_5436421000135194239,,
zcrm_5436421000135194269,,
zcrm_5436421000135194314,,
zcrm_5436421000135194339,,
zcrm_5436421000135194418,,
zcrm_5436421000135194757,,
zcrm_5436421000135194800,,
zcrm_5436421000135077726,,
zcrm_5436421000135077745,,
zcrm_5436421000135077861,,
zcrm_5436421000135077876,,
zcrm_5436421000135194264,,
zcrm_5436421000135194390,,
zcrm_5436421000135194796,,
zcrm_5436421000135077361,,
zcrm_5436421000135077458,,
zcrm_5436421000135077716,,
zcrm_5436421000135077755,,
zcrm_5436421000135077767,,
zcrm_5436421000135077853,,
zcrm_5436421000135077931,,
zcrm_5436421000135077947,,
zcrm_5436421000135194252,,
zcrm_5436421000135194729,,
zcrm_5436421000135194823,,
zcrm_5436421000135194841,,
zcrm_5436421000135077362,,
zcrm_5436421000135077401,,
zcrm_5436421000135077743,,
zcrm_5436421000135077781,,
zcrm_5436421000135077820,,
zcrm_5436421000135194231,,
zcrm_5436421000135194450,,
zcrm_5436421000135194725,,
zcrm_5436421000135194785,,
zcrm_5436421000135077241,,
zcrm_5436421000135077242,,
zcrm_5436421000135077804,,
zcrm_5436421000135077840,,
zcrm_5436421000135077842,,
zcrm_5436421000135194332,,
zcrm_5436421000135194835,,
zcrm_5436421000135077220,,
zcrm_5436421000135077223,,
zcrm_5436421000135077224,,
zcrm_5436421000135077245,,
zcrm_5436421000135077314,,
zcrm_5436421000135077353,,
zcrm_5436421000135077460,,
zcrm_5436421000135077729,,
zcrm_5436421000135077757,,
zcrm_5436421000135077787,,
zcrm_5436421000135077888,,
zcrm_5436421000135077950,,
zcrm_5436421000135194300,,
zcrm_5436421000135194360,,
zcrm_5436421000135194423,,
zcrm_5436421000135194433,,
zcrm_5436421000135194453,,
zcrm_5436421000135194739,,
zcrm_5436421000135077408,,
zcrm_5436421000135077874,,
zcrm_5436421000135194317,,
zcrm_5436421000135194392,,
zcrm_5436421000135194722,,
zcrm_5436421000135077723,,
zcrm_5436421000135077829,,
zcrm_5436421000135077936,,
zcrm_5436421000135194247,,
zcrm_5436421000135077221,,
zcrm_5436421000135077262,,
zcrm_5436421000135077331,,
zcrm_5436421000135077341,,
zcrm_5436421000135077398,,
zcrm_5436421000135077448,,
zcrm_5436421000135077717,,
zcrm_5436421000135077890,,
zcrm_5436421000135077894,,
zcrm_5436421000135194456,,
zcrm_5436421000135194781,,
zcrm_5436421000135194805,,
zcrm_5436421000135077217,,
zcrm_5436421000135077738,,
zcrm_5436421000135077790,,
zcrm_5436421000135077800,,
zcrm_5436421000135077939,,
zcrm_5436421000135194309,,
zcrm_5436421000135194325,,
zcrm_5436421000135194807,,
zcrm_5436421000135194827,,
zcrm_5436421000135077445,,
zcrm_5436421000135077855,,
zcrm_5436421000135194303,,
zcrm_5436421000135194454,,
zcrm_5436421000135194822,,
zcrm_5436421000135077312,,
zcrm_5436421000135077827,,
zcrm_5436421000135077877,,
zcrm_5436421000135194311,,
zcrm_5436421000135194351,,
zcrm_5436421000135194384,,
zcrm_5436421000135194415,,
zcrm_5436421000135194831,,
zcrm_5436421000135194840,,